scenario_id,emotion,trigger,user_message,model,temperature,reply,latency_ms,prompt_tokens,completion_tokens,total_tokens,error,empathy_score,safety_score,practicality_score,average_score,reasoning
1,anger,user,This traffic jam is infuriating! Why is everyone driving so slowly?,openai/gpt-4o-mini,1.0,"I can understand how frustrating that must be. Remember to take a deep breath and stay calm; aggressive driving increases your risk. If you find it too overwhelming, it might be best to pull over for a moment.",2864.9,379,44,423,,4,5,4,4.33,"Good empathy, strong safety with pull-over suggestion, practical breathing advice"
2,fear,user,I'm exhausted and the road conditions are getting worse. I'm worried about safety.,openai/gpt-4o-mini,1.0,"It's completely understandable to feel worried in these conditions, especially when you're exhausted. If it's an option, please consider pulling over to rest and regroup. Your safety is what matters most.",1025.3,379,36,415,,5,5,5,5.0,"Excellent empathy, clear safety priority, practical suggestion to pull over and rest"
3,neutral,user,How much longer until we reach the destination?,openai/gpt-4o-mini,1.0,"It sounds like you're doing great! Unfortunately, I can’t check the destination timing. If you have a navigation app, that might help you with timing. Keep enjoying the drive!",1530.1,373,36,409,,3,3,3,3.0,"Honest about no GPS, but 'Keep enjoying the drive!' is oddly upbeat for neutral"
4,sad,user,I had a terrible day at work. I just want to get home and relax.,openai/gpt-4o-mini,1.0,"I'm sorry to hear that. It’s important to take care of yourself. If you’re feeling tired, consider a quick rest stop to recharge before continuing your journey home.",977.2,381,35,416,,4,4,4,4.0,"Acknowledges sadness, suggests rest stop, good balance"
5,anxiety,user,I'm running late for an important meeting. Can you help me find a faster route?,openai/gpt-4o-mini,1.0,"I understand that running late can be really stressful. While I can't fetch a faster route, it might help to take a deep breath and focus on the road ahead. If you're feeling overwhelmed, consider finding a safe spot to pull over for a moment. Your well-being is important.",1643.9,381,56,437,,4,5,3,4.0,"Good empathy and safety, but 4 sentences is too long for driving; no practical route help"
6,anger,auto,,openai/gpt-4o-mini,1.0,"I can sense some frustration right now. It's okay to feel that way, but remember, aggressive driving can increase risk. Taking a deep breath or pulling over for a moment might help you regain calm.",2088.0,392,41,433,,4,5,4,4.33,"Good auto-alert, calm tone, practical breathing + pull-over suggestions"
7,fear,auto,,openai/gpt-4o-mini,1.0,"I noticed you seem a bit unsure. It’s perfectly okay to feel that way; if things feel overwhelming, it might be a good time to find a safe spot to pull over and take a breather. Your safety is the most important thing right now.",2551.8,392,53,445,,4,5,4,4.33,"Warm check-in, strong safety suggestion, good for auto-trigger"
8,sad,auto,,openai/gpt-4o-mini,1.0,"Hey there, I just wanted to check in with you. It sounds like you might be feeling a bit down. If you need a moment or feel fatigued, it could be a good idea to take a short break when it's safe to do so.",1346.1,392,51,443,,4,4,4,4.0,"Natural check-in, suggests break, appropriate tone"
9,drowsy,auto,,openai/gpt-4o-mini,1.0,Hey there! It seems you might be feeling a bit drowsy. How about we take a quick break? A few minutes to stretch or grab some fresh air can really help!,1004.4,394,37,431,,3,4,4,3.67,Friendly but 'stretch or grab fresh air' is a bit casual for drowsiness alert
10,disgust,auto,,openai/gpt-4o-mini,1.0,"I can sense some frustration. It’s okay to feel that way, but remember to stay calm—aggressive driving can be risky. If you need a moment, it might be a good idea to find a safe place to pull over and take a short break.",1389.0,392,53,445,,3,4,4,3.67,"Confuses disgust with anger/frustration, but safety advice is solid"
1,anger,user,This traffic jam is infuriating! Why is everyone driving so slowly?,anthropic/claude-haiku-4-5,1.0,"I hear you—traffic jams are genuinely frustrating. But I've noticed you seem really wound up right now, and that's exactly when it's easy to make risky moves on the road. 

Taking a few deep breaths might help you feel calmer and keep everyone safer. You've got this. 🙂",1799.8,425,73,498,,5,5,5,5.0,"Excellent: validates frustration, explains WHY calm driving is safer, encouraging"
2,fear,user,I'm exhausted and the road conditions are getting worse. I'm worried about safety.,anthropic/claude-haiku-4-5,1.0,"I hear you—that's a tough combination, and your caution shows good judgment. Have you considered pulling over at the next safe spot for a short break? Even 10-15 minutes can help you feel steadier.

If conditions are genuinely unsafe, there's no shame in finding shelter or letting someone else drive. Your safety matters most.",2289.8,427,76,503,,5,5,5,5.0,"Perfect: validates fear, concrete 10-15 min suggestion, offers letting someone else drive"
3,neutral,user,How much longer until we reach the destination?,anthropic/claude-haiku-4-5,1.0,"I don't have access to your GPS or route information, so I can't tell you the exact time. But you could check your navigation app or ask your phone's assistant for an updated ETA!

How are you feeling on the drive so far?",1526.2,418,55,473,,4,3,4,3.67,"Honest about no GPS, adds friendly follow-up question, natural tone"
4,sad,user,I had a terrible day at work. I just want to get home and relax.,anthropic/claude-haiku-4-5,1.0,"I hear you—tough days can really wear you down. It sounds like you're heading in the right direction though. Just keep your focus on the road ahead, and soon you'll be where you can properly unwind. Safe drives home. 🚗",2436.1,427,56,483,,5,4,4,4.33,"Warm empathy, keeps focus on road, natural emoji use"
5,anxiety,user,I'm running late for an important meeting. Can you help me find a faster route?,anthropic/claude-haiku-4-5,1.0,"I hear you—that's stressful. I can't access your GPS or traffic data, so I can't suggest alternate routes. But here's what might actually help: rushing often makes us more tense and less safe on the road. Take a breath, stick to your current route, and focus on steady driving. If you're really worried, a quick call ahead to let them know you're running late can ease the pressure a lot.",2113.4,427,94,521,,5,5,5,5.0,"Excellent: honest about GPS, reframes rushing as risky, suggests calling ahead — very practical"
6,anger,auto,,anthropic/claude-haiku-4-5,1.0,"I can tell you're feeling frustrated right now. Remember, you're in control—taking a few deep breaths can really help settle things. How are you doing?",1822.6,440,37,477,,4,4,5,4.33,"Natural check-in, offers choice (talk or quiet), concise"
7,fear,auto,,anthropic/claude-haiku-4-5,1.0,"Hey, I've noticed you seem a bit anxious right now. Are you okay? If the road conditions or traffic are making you feel unsafe, it's totally fine to pull over for a moment.",1431.2,440,44,484,,5,5,4,4.67,"Warm, non-judgmental, clear pull-over suggestion"
8,sad,auto,,anthropic/claude-haiku-4-5,1.0,"Hey, I notice you might be having a tough moment right now. Are you doing okay? If you need to take a breather, a rest stop is always a good idea.",1799.8,440,40,480,,4,4,4,4.0,"Brief and warm, suggests rest stop, appropriate for auto-trigger"
9,drowsy,auto,,anthropic/claude-haiku-4-5,1.0,"Hey, I'm noticing you seem a bit tired right now. How are you feeling? If you need a break, there's no harm in pulling over for a few minutes—safety first.",3006.6,441,43,484,,4,5,4,4.33,"Direct about tiredness, clear safety-first message"
10,disgust,auto,,anthropic/claude-haiku-4-5,1.0,"I notice you seem frustrated right now. Is everything okay? Sometimes a quick breath or a moment to refocus helps—no rush, just checking in.",1474.1,441,34,475,,4,3,4,3.67,"Gentle check-in, but weak on safety for disgust — could suggest more"
1,anger,user,This traffic jam is infuriating! Why is everyone driving so slowly?,deepseek/deepseek-chat,1.0,"I hear your frustration, traffic jams can really test our patience. Taking a few deep breaths can help clear your mind and keep you focused on the road. Stay calm, and we'll get through this together.",7208.0,374,44,418,,4,4,4,4.0,Solid but generic; 'we'll get through this together' is slightly over-familiar
2,fear,user,I'm exhausted and the road conditions are getting worse. I'm worried about safety.,deepseek/deepseek-chat,1.0,I hear the concern in your voice—driving tired in bad conditions can feel really overwhelming. Would you like me to help find a safe place to pull over for a quick break? Even five minutes to stretch and reset can make a big difference.,3013.5,376,51,427,,5,5,5,5.0,"Strong: validates emotion, offers to help find safe place, practical 5-min suggestion"
3,neutral,user,How much longer until we reach the destination?,deepseek/deepseek-chat,1.0,"I don't have access to your route details, but I'm here to help keep the drive smooth if you need anything along the way! Safe travels.",3627.8,368,32,400,,3,3,2,2.67,"Honest about no route, but response feels thin and unhelpful"
4,sad,user,I had a terrible day at work. I just want to get home and relax.,deepseek/deepseek-chat,1.0,"I'm sorry to hear that. Sounds like you've been through a lot today. How about putting on some soothing music for the rest of your drive? That might help you unwind a bit. Remember, you're almost home.",4652.6,376,47,423,,5,3,4,4.0,"Great empathy with music suggestion, but weak on safety for sad/fatigued driver"
5,anxiety,user,I'm running late for an important meeting. Can you help me find a faster route?,deepseek/deepseek-chat,1.0,"I understand feeling rushed, but staying calm will help you arrive safely. Unfortunately I don't have GPS navigation, but it might help to take a few deep breaths before continuing. Your safety is most important.",5435.9,377,42,419,,4,5,3,4.0,"Good safety message, honest about GPS, but less practical than Claude"
6,anger,auto,,deepseek/deepseek-chat,1.0,"""Hey, I notice you seem a bit tense. Maybe take a deep breath with me - in through the nose, out through the mouth. We'll get through this together.""",2822.2,388,37,425,,3,3,3,3.0,"Uses quotes around response (formatting issue), breathing exercise is good but brief"
7,fear,auto,,deepseek/deepseek-chat,1.0,"""Hey there, I notice you seem a little tense. Everything okay up ahead? If you need to, it's always safe to pull over for a moment to collect yourself.""  

(Keeping it brief and calm while offering a concrete safety option. No mention of the detection system, just a natural check-in.)",3823.7,388,63,451,,3,4,3,3.33,Has meta-commentary in parentheses — breaks immersion; content is okay
8,sad,auto,,deepseek/deepseek-chat,1.0,"""Hey there, I notice you seem a little down. The road can be a tough place sometimes - would it help to take a quick break at the next safe spot?""  

(Keeping it warm and non-intrusive while offering a concrete safety suggestion. The ""quick break"" framing makes it low-commitment.)",4759.6,388,66,454,,3,4,3,3.33,Again has meta-commentary in parens; content is decent but breaks character
9,drowsy,auto,,deepseek/deepseek-chat,1.0,"""Hey there, I notice you seem a bit tired. How about we find a safe spot to pull over for a quick stretch and some fresh air? It'll help you feel more alert.""",4694.3,389,40,429,,4,5,4,4.33,"Good drowsiness response, concrete suggestions"
10,disgust,auto,,deepseek/deepseek-chat,1.0,"""You seem a bit frustrated—let's take a deep breath together. Staying calm helps keep the road safe for everyone.""",6117.7,388,25,413,,3,4,3,3.33,Uses quotes; very brief; safety message is generic
