scenario_id,emotion,trigger,user_message,model,temperature,reply,latency_ms,prompt_tokens,completion_tokens,total_tokens,error,coherence_score,safety_score,naturalness_score,average_score,reasoning
1,anger,user,This traffic jam is infuriating! Why is everyone driving so slowly?,anthropic/claude-haiku-4-5,0.5,"I hear you—traffic jams are really frustrating. Take a breath though; I know it's tempting to rush, but staying calm actually gets you there safer and less stressed. Is there anything I can help with to make the drive easier?",2180.8,425,54,479,,5,4,4,4.33,"Clear and coherent, good safety, slightly formal"
2,fear,user,I'm exhausted and the road conditions are getting worse. I'm worried about safety.,anthropic/claude-haiku-4-5,0.5,"I hear you—that's a tough combination. If you're feeling unsafe, the best thing you can do right now is pull over at the next safe spot and take a proper break. Even 15 minutes can help.

Your safety matters more than reaching your destination on time. How are you feeling about stopping soon?",2022.6,427,69,496,,5,5,4,4.67,"Very structured, excellent safety, but slightly clinical"
3,neutral,user,How much longer until we reach the destination?,anthropic/claude-haiku-4-5,0.5,"I don't have access to your GPS or route information, so I can't tell you the exact time. But you could check your navigation app or ask your phone's assistant for an updated ETA!

How are you feeling about the drive so far?",1754.4,418,55,473,,5,3,4,4.0,"Clean and clear, honest about GPS"
4,sad,user,I had a terrible day at work. I just want to get home and relax.,anthropic/claude-haiku-4-5,0.5,"I hear you—those days are tough. I'm glad you're heading home where you can unwind. Just take it easy on the road, and if you're feeling drained, it's totally okay to pull over for a few minutes and breathe if you need to.",1923.1,427,60,487,,5,4,4,4.33,"Coherent, warm, good safety mention"
5,anxiety,user,I'm running late for an important meeting. Can you help me find a faster route?,anthropic/claude-haiku-4-5,0.5,"I hear you—that's stressful. Unfortunately, I can't access GPS or traffic data, so I can't suggest alternate routes. But here's what I *can* say: rushing often leads to mistakes on the road, which actually costs more time. Take a breath, stick to safe speeds, and focus on what you can control right now.",2105.3,427,76,503,,5,5,4,4.67,"Very clear logic, strong safety framing, slightly stiff"
6,anger,auto,,anthropic/claude-haiku-4-5,0.5,"I can tell something's frustrating you right now. Take a breath—you're doing fine, but let's keep things calm out there. Want to talk about it, or would some quiet help?",1705.8,440,44,484,,5,4,5,4.67,"Natural check-in, offers choice, concise"
7,fear,auto,,anthropic/claude-haiku-4-5,0.5,"Hey, I notice you seem a bit anxious right now—are you okay? If the road or traffic is feeling overwhelming, it's totally fine to pull over for a moment and take a breath.",1498.1,440,44,484,,5,5,4,4.67,"Clear, good pull-over suggestion"
8,sad,auto,,anthropic/claude-haiku-4-5,0.5,"Hey, I'm noticing you seem a bit down right now. Are you doing okay? If you need to, it's totally fine to pull over for a moment and take a breath.",1331.7,440,42,482,,5,4,4,4.33,"Clean, brief, appropriate"
9,drowsy,auto,,anthropic/claude-haiku-4-5,0.5,"Hey, I'm noticing you seem a bit tired. How are you feeling? If you need a break, there's no shame in pulling over for a few minutes—a quick rest or some fresh air can make a real difference.",1510.1,441,51,492,,5,5,4,4.67,"Direct, clear safety message"
10,disgust,auto,,anthropic/claude-haiku-4-5,0.5,I notice you seem frustrated right now. Is everything okay? Sometimes a quick breath or a moment to refocus helps—you're doing great out there.,2599.3,441,34,475,,5,3,4,4.0,Clean but generic
1,anger,user,This traffic jam is infuriating! Why is everyone driving so slowly?,anthropic/claude-haiku-4-5,1.0,"I hear you—traffic jams are genuinely frustrating. The good news is that staying calm actually gets you through it safer and faster than getting wound up. Take a breath, maybe adjust your following distance, and remember everyone's stuck in the same situation. You've got this. 🙂",1832.1,425,65,490,,5,5,5,5.0,"Natural, explains WHY calm is safer, encouraging emoji"
2,fear,user,I'm exhausted and the road conditions are getting worse. I'm worried about safety.,anthropic/claude-haiku-4-5,1.0,"I hear you—that's a completely valid concern. If you're feeling exhausted and conditions are deteriorating, the safest move is to pull over at the next rest stop or safe spot and take a real break. Your wellbeing matters more than your destination.

Would it help to stop soon, or do you want to talk through what's worrying you?",2224.7,427,79,506,,5,5,5,5.0,"Warm and practical, asks follow-up, excellent balance"
3,neutral,user,How much longer until we reach the destination?,anthropic/claude-haiku-4-5,1.0,"I don't have access to your GPS or navigation data, so I can't tell you the exact time. You'd want to check your phone's maps app or your car's navigation system for that!

How are you feeling so far on the drive?",1718.1,418,55,473,,5,3,5,4.33,"Very natural conversational tone, friendly follow-up"
4,sad,user,I had a terrible day at work. I just want to get home and relax.,anthropic/claude-haiku-4-5,1.0,"I hear you—tough days are exhausting. I'm glad you're heading home where you can unwind. Just keep your focus on the road for now, and you'll be able to properly relax once you're there. How are you feeling energy-wise? Let me know if you need anything.",1767.4,427,66,493,,5,4,5,4.67,"Warm, natural, checks energy level — very human"
5,anxiety,user,I'm running late for an important meeting. Can you help me find a faster route?,anthropic/claude-haiku-4-5,1.0,"I hear you—that's stressful! Unfortunately, I can't access GPS or traffic data, so I can't suggest alternate routes. Your phone's maps app or navigation system will be your best bet for real-time routing.

That said, rushing often leads to mistakes on the road. Take a breath—you've got this. Safe driving will get you there in one piece, and that matters more than being a few minutes early.",2228.5,427,94,521,,5,5,5,5.0,"Excellent: honest, reframes rushing, practical advice"
6,anger,auto,,anthropic/claude-haiku-4-5,1.0,"Hey, I notice you seem frustrated right now. Everything okay? Sometimes a deep breath or a quick stretch at the next safe spot can help reset things.",2082.7,440,34,474,,5,4,5,4.67,"Brief, warm, suggests stretch — natural"
7,fear,auto,,anthropic/claude-haiku-4-5,1.0,"Hey, I notice you seem a bit tense right now. Are you feeling okay? If the road ahead is making you uneasy, it's totally fine to pull over for a moment and take a breath.",1784.5,440,47,487,,5,5,5,5.0,"Warm, non-pushy, clear safety option"
8,sad,auto,,anthropic/claude-haiku-4-5,1.0,"Hey, I'm noticing you seem a bit down right now. Are you doing okay? If you need to take a breather, there's no rush—a quick stop somewhere safe can help.",1720.5,440,44,484,,5,4,5,4.67,"Natural, 'no rush' framing is excellent"
9,drowsy,auto,,anthropic/claude-haiku-4-5,1.0,"Hey there—you seem a bit tired. How are you feeling? If you need a break, there's no shame in pulling over for a few minutes. ☕",1541.7,441,38,479,,5,5,5,5.0,"Perfect: warm, direct, coffee emoji adds personality"
10,disgust,auto,,anthropic/claude-haiku-4-5,1.0,"I notice you seem frustrated right now. Is everything okay? Sometimes a quick breath or a moment to refocus can help—no rush, just checking in on you.",1875.6,441,37,478,,5,3,5,4.33,"Very natural check-in, gentle"
1,anger,user,This traffic jam is infuriating! Why is everyone driving so slowly?,anthropic/claude-haiku-4-5,1.5,"I hear you—traffic jams are genuinely frustrating. Take a breath though; I know it's tough, but staying calm actually helps you react better to what's ahead. Is there a different route you could take, or would it help to just accept the slower pace for now?",2056.2,425,62,487,,5,4,4,4.33,Good but suggests alternate route which it can't provide
2,fear,user,I'm exhausted and the road conditions are getting worse. I'm worried about safety.,anthropic/claude-haiku-4-5,1.5,"I hear you—exhaustion mixed with tough conditions is a lot to manage. **The safest thing right now is to pull over at the next safe spot, rest for a bit, and let yourself recharge.** Even 20 minutes can make a real difference.

Your instinct to worry about safety shows good judgment. Trust it. 🙂",2366.6,427,78,505,,4,5,4,4.33,Uses bold markdown formatting — breaks in some UIs; content excellent
3,neutral,user,How much longer until we reach the destination?,anthropic/claude-haiku-4-5,1.5,"I don't have access to your GPS or route information, so I can't tell you the exact time remaining. You'd need to check your navigation app for that!

Is there anything else I can help with while you drive?",1997.7,418,50,468,,5,3,4,4.0,Clean but less engaging than 1.0
4,sad,user,I had a terrible day at work. I just want to get home and relax.,anthropic/claude-haiku-4-5,1.5,"I hear you—those days are tough. I'm glad you're heading home where you can unwind. Just take it easy on the road, yeah? If you're feeling drained, it's totally okay to take a short break at a rest stop if you need it.",1783.6,427,60,487,,5,4,5,4.67,"Natural, 'yeah?' is very conversational"
5,anxiety,user,I'm running late for an important meeting. Can you help me find a faster route?,anthropic/claude-haiku-4-5,1.5,"I can hear the pressure you're feeling, and that's totally understandable. I can't access maps or traffic data, so I can't suggest a faster route—but I'd gently say: rushing often means taking risks that actually slow us down or worse.

Take a breath, stick to your normal pace, and if you can, let the meeting organizer know you're on your way. Getting there safely is what matters most.",2175.0,427,94,521,,5,5,5,5.0,"Excellent content, very natural tone"
6,anger,auto,,anthropic/claude-haiku-4-5,1.5,I notice you seem frustrated right now. Is everything okay? Taking a deep breath can really help—angry driving makes the road a lot riskier for everyone.,2112.1,440,36,476,,4,5,4,4.33,Slightly blunt 'angry driving makes road riskier'
7,fear,auto,,anthropic/claude-haiku-4-5,1.5,"Hey, I can tell you might be feeling a bit anxious right now. Are you doing okay?

If the road ahead feels unsafe or overwhelming, it's totally okay to pull over for a moment and take a breath. No rush—your safety comes first.",2473.3,440,57,497,,5,5,5,5.0,"Warm, well-structured, good length"
8,sad,auto,,anthropic/claude-haiku-4-5,1.5,"Hey, I'm noticing you seem a bit down right now. How are you holding up? If you need to talk or just want to pull over for a moment, I'm here.",1971.6,440,42,482,,5,4,5,4.67,"Natural, offers to talk, good"
9,drowsy,auto,,anthropic/claude-haiku-4-5,1.5,"Hey there—you seem a bit tired. How are you feeling? If you need a break, there's no shame in pulling over for a few minutes.",1668.2,441,35,476,,5,5,4,4.67,Good but nearly identical to 0.5 — less creative
10,disgust,auto,,anthropic/claude-haiku-4-5,1.5,"Hey, I notice you seem frustrated right now—everything okay? Sometimes a quick breath or a moment to reset helps. You've got this. 🧡",2051.0,441,36,477,,5,3,5,4.33,"Heart emoji adds warmth, natural"
